Date,Weather_Condition,Dew_Point (°C),Humidity (%),Pressure (hPa),Temperature (°C),Visibility (km),Wind_Direction (Compass),Rain_Presence,distance
29-Jan-2017,Haze,13,60,1016,21,2,West,0,6
14-Jan-2016,Smoke,12,60,1015,18,0.5,NW,0,14.25
28-Jan-2017,Smoke,12,56,1019,19,1,NW,0,19
24-Jan-2016,Smoke,10,60,1018,16,0.5,NW,0,25.25
31-Jan-2016,Smoke,13,64,1015,20,2,NW,0,26
18-Feb-2016,Haze,17,61,1017,23,1,West,0,27
01-Jan-2017,Haze,16,62,1015,22,2,ENE,0,27
09-Jan-2017,Smoke,12,56,1015,19,1,WNW,0,27
22-Jan-2016,Smoke,12,65,1018,17,0.5,ENE,0,35.25
20-Jan-2016,Smoke,10,62,1018,15,1,WNW,0,38
16-Jan-2016,Smoke,11,61,1013,17,1,NW,0,39
27-Jan-2017,Haze,12,54,1017,19,2,West,0,40
04-Feb-2015,Smoke,12,55,1022,20,0.5,NW,0,42.25
20-Jan-2015,Smoke,11,54,1018,18,1,East,0,44
03-Mar-2015,Haze,14,56,1013,21,2,WNW,0,44
29-Dec-2016,Smoke,16,65,1015,21,1,East,0,44
24-Jan-2015,Smoke,12,65,1020,16,2,West,0,47
31-Dec-2016,Smoke,14,66,1015,18,0.5,East,0,50.25
15-Jan-2016,Smoke,10,64,1017,15,1,West,0,51
23-Dec-2015,Smoke,12,53,1019,19,1,NW,0,52
16-Jan-2017,Mist,14,67,1016,19,1,NW,0,55
05-Feb-2017,Smoke,15,55,1013,22,1,NE,0,58
18-Jan-2017,Smoke,12,53,1021,19,1,NNW,0,60
18-Jan-2016,Smoke,11,54,1013,19,0.5,NW,0,66.25
01-Dec-2016,Smoke,19,60,1015,25,1,East,0,70
04-Feb-2017,Smoke,15,54,1013,23,1,East,0,74
03-Jan-2017,Smoke,16,53,1016,24,1,West,0,78
22-Jan-2017,Haze,15,52,1019,23,2,NNE,0,79
07-Feb-2016,Smoke,13,52,1014,21,0.5,NNW,0,81.25
17-Jan-2017,Smoke,10,67,1017,15,1,NW,0,84
14-Jan-2015,Mist,10,66,1016,14,1,ENE,0,85
21-Jan-2015,Smoke,10,52,1020,17,1,East,0,86
10-Dec-2016,Smoke,14,53,1012,21,1,East,0,87
23-Jan-2017,Haze,16,52,1019,24,2,West,0,91
04-Jan-2015,Smoke,10,51,1019,18,1,NW,0,95
26-Jan-2016,Smoke,13,51,1014,20,0.5,ENE,0,97.25
25-Jan-2016,Smoke,10,51,1016,17,1,SW,0,103
30-Dec-2016,Mist,14,70,1016,18,0.5,ESE,0,109.25
06-Jan-2016,Haze,17,52,1014,24,1,ESE,0,112
11-Jan-2015,Smoke,8,52,1017,15,1,WNW,0,115
17-Jan-2016,Smoke,10,50,1015,19,1,North,0,119
30-Nov-2015,Smoke,20,56,1015,27,0.5,NE,0,123.25
29-Nov-2015,Smoke,16,50,1016,24,1,NNE,0,129
07-Nov-2015,Smoke,20,57,1013,27,0.5,NNW,0,132.25
02-Mar-2015,Mist,17,68,1011,22,2,South,0,134
30-Nov-2016,Smoke,18,52,1015,26,1,ESE,0,134
06-Jan-2015,Smoke,9,50,1014,17,1,NW,0,141
07-Jan-2015,Patches of Fog,8,67,1016,12,0.5,West,0,142.25
11-Dec-2015,Smoke,14,51,1010,22,1,WNW,0,150
06-Jan-2017,Haze,16,52,1010,24,2,ESE,0,154
14-Mar-2015,Haze,17,50,1014,25,2,SW,0,158
05-Nov-2015,Haze,19,54,1011,26,2,East,0,158
08-Mar-2015,Haze,16,50,1014,25,4,East,0,159
24-Dec-2016,Smoke,16,51,1010,24,0.5,SE,0,170.25
26-Mar-2016,Haze,19,53,1012,27,2,West,0,171
02-Dec-2016,Smoke,16,48,1016,24,1,WNW,0,173
21-Jan-2016,Smoke,8,48,1019,17,2,West,0,180
11-Mar-2015,Haze,17,48,1018,25,2,WNW,0,186
10-Dec-2015,Smoke,17,51,1010,25,1,East,0,186
25-Jan-2015,Smoke,9,47,1019,18,2,NW,0,191
15-Oct-2016,Smoke,19,68,1009,23,2,NNW,0,191
03-Feb-2015,Haze,13,46,1019,22,1,SW,0,201
15-Jan-2017,Smoke,14,46,1017,23,1,ESE,0,207
20-Feb-2016,Smoke,20,52,1012,28,2,West,0,214
05-Jan-2017,Haze,16,48,1012,25,2,North,0,215
18-Mar-2015,Haze,17,48,1012,25,4,WNW,0,230
17-Feb-2015,Haze,18,49,1011,26,2,ENE,0,232
21-Feb-2017,Haze,17,53,1006,25,2,West,0,235
27-Nov-2015,Smoke,14,48,1009,23,0.5,NW,0,235.25
26-Dec-2016,Smoke,13,45,1015,23,2,WNW,0,244
15-Jan-2015,Smoke,9,45,1019,18,0.5,WNW,0,246.25
13-Jan-2015,Smoke,9,45,1016,18,1,SE,0,249
12-Apr-2015,Haze,18,48,1012,27,2,WNW,0,255
06-Dec-2015,Smoke,16,46,1014,26,1,East,0,257
08-Nov-2015,Smoke,19,48,1014,28,1,NNE,0,260
19-Jan-2017,Haze,12,44,1021,21,2,NW,0,268
23-Feb-2015,Smoke,19,48,1013,28,1,NNE,0,269
24-Feb-2015,Smoke,20,50,1010,28,1,ESE,0,277
16-Feb-2015,Haze,17,46,1012,26,2,ESE,0,285
25-Jan-2017,Smoke,15,44,1017,25,1,East,0,286
17-Jan-2015,Haze,11,43,1018,20,2,NW,0,294
06-Nov-2015,Haze,22,52,1011,30,2,SW,0,295
12-Jan-2017,Smoke,8,44,1015,18,2,NW,0,295
01-Jan-2015,Smoke,11,43,1016,21,1,NNW,0,298
07-Dec-2015,Smoke,16,44,1016,26,1,South,0,305
10-Mar-2015,Haze,13,43,1019,24,2,West,0,307
06-Mar-2016,Haze,18,46,1012,28,4,NE,0,330
08-Jan-2016,Smoke,11,42,1016,21,0.5,NW,0,333.25
15-Nov-2016,Haze,17,44,1014,27,2,NNE,0,338
19-Feb-2015,Haze,20,48,1010,29,2,East,0,339
10-Nov-2015,Smoke,19,46,1012,29,2,NNE,0,350
03-Dec-2015,Smoke,14,42,1015,24,1,West,0,350
10-Jan-2015,Smoke,8,42,1017,17,1,West,0,359
11-Jan-2017,Haze,8,42,1016,17,2,West,0,363
30-Oct-2016,Smoke,20,46,1013,30,1,NE,0,370
03-Nov-2015,Smoke,20,46,1013,30,2,NNE,0,371
30-Mar-2015,Haze,18,46,1009,28,4,East,0,375
14-Jan-2017,Smoke,9,41,1018,19,2,WNW,0,379
30-Jan-2017,Haze,12,41,1014,22,2,West,0,383
08-Dec-2016,Smoke,13,41,1015,24,1,East,0,386
13-Feb-2016,Haze,11,41,1013,21,2,NNE,0,392
04-Jan-2017,Smoke,14,41,1014,25,2,ESE,0,404
02-Jan-2016,Haze,11,40,1019,22,1,WNW,0,409
12-Feb-2015,Haze,12,40,1016,22,2,WNW,0,410
12-Jan-2016,Haze,14,41,1013,25,2,ESE,0,413
08-Feb-2016,Haze,12,40,1016,23,2,NW,0,415
10-Jan-2016,Haze,14,40,1015,24,2,WSW,0,427
17-Feb-2017,Smoke,16,41,1015,27,2,WNW,0,429
03-Apr-2015,Haze,21,52,1004,30,4,North,0,433
22-Sep-2016,Haze,24,53,1007,32,2,East,0,436
07-Apr-2015,Haze,19,44,1010,29,2,East,0,438
05-Oct-2016,Haze,23,55,1004,31,2,West,0,443
17-Mar-2015,Haze,16,41,1014,27,4,WNW,0,444
14-Mar-2016,Haze,16,41,1014,27,4,NNE,0,444
07-Mar-2016,Haze,18,43,1011,29,2,NNW,0,445
11-Mar-2017,Haze,12,41,1009,22,2,NW,0,448
23-Jan-2016,Smoke,11,39,1018,22,2,ENE,0,450
10-Mar-2017,Haze,15,45,1004,25,2,SE,0,451
27-Jan-2016,Smoke,13,40,1012,24,2,South,0,453
01-Dec-2015,Smoke,15,40,1014,26,1,NE,0,456
10-Jan-2017,Haze,7,40,1016,17,4,WNW,0,458
06-Feb-2017,Haze,12,39,1015,23,2,WNW,0,461
31-Oct-2016,Smoke,19,42,1016,30,1,NE,0,464
09-Dec-2016,Smoke,16,40,1011,26,0.5,East,0,494.25
16-Jan-2015,Smoke,9,38,1018,20,1,West,0,500
13-Mar-2016,Haze,18,42,1010,29,4,ESE,0,503
20-Jan-2017,Haze,9,38,1020,20,2,WNW,0,505
21-Feb-2015,Haze,17,40,1013,28,2,WNW,0,506
29-Dec-2015,Haze,12,38,1016,24,2,WNW,0,506
08-Mar-2016,Haze,17,41,1010,28,2,NW,0,506
12-Mar-2016,Haze,20,44,1008,30,2,SE,0,506
21-Jan-2017,Smoke,8,38,1019,19,1,West,0,511
31-Jan-2017,Haze,12,38,1014,23,2,NW,0,511
09-Feb-2016,Haze,12,38,1014,24,2,West,0,518
14-Jun-2015,Haze,23,64,1000,29,2,NE,0,522
31-Oct-2015,Haze,18,40,1014,29,2,NNW,0,523
09-Nov-2015,Smoke,18,40,1013,29,2,NE,0,532
14-Oct-2015,Haze,25,49,1011,35,2,ENE,0,540
18-Dec-2015,Haze,10,37,1017,21,2,WNW,0,541
02-Feb-2015,Smoke,11,37,1016,23,1,East,0,546
29-Oct-2015,Haze,17,39,1014,29,2,East,0,555
30-Oct-2015,Haze,17,39,1015,29,4,NNE,0,556
18-Feb-2015,Smoke,17,40,1010,29,1,NE,0,561
21-Aug-2015,Light Rain,25,55,1003,33,2,West,1,564
29-Feb-2016,Haze,18,39,1017,30,2,East,0,568
06-Oct-2016,Haze,24,51,1004,33,2,NW,0,568
11-Dec-2016,Smoke,14,38,1011,26,1,WNW,0,570
13-Mar-2015,Haze,16,38,1013,28,2,NNE,0,583
18-Jan-2015,Haze,10,36,1017,21,2,West,0,588
01-Feb-2017,Smoke,10,36,1016,21,2,NNW,0,591
27-Dec-2016,Smoke,11,36,1016,23,1,NNW,0,593
23-Sep-2015,Blowing Sand,22,45,1006,32,2,NW,0,595
21-Dec-2015,Haze,9,36,1017,21,2,NNW,0,595
08-Dec-2015,Smoke,15,37,1014,27,1,West,0,598
02-Mar-2017,Haze,15,38,1010,27,2,SW,0,602
30-Dec-2015,Smoke,12,36,1015,24,2,NNW,0,603
30-Jul-2015,Haze,24,60,999,31,2,South,0,604
20-Feb-2015,Haze,17,38,1013,29,2,NE,0,607
07-Oct-2015,Haze,24,47,1007,34,2,NNW,0,608
05-Jan-2015,Haze,9,36,1014,21,2,WNW,0,610
06-Aug-2016,Haze,25,65,1000,31,2,NE,0,615
23-Aug-2016,Haze,26,56,1002,33,4,SE,0,619
28-Jul-2016,Haze,26,60,1001,33,2,NE,0,628
29-Jul-2015,Haze,24,63,998,30,2,SE,0,631
14-Sep-2016,Haze,24,47,1006,34,2,NNE,0,631
02-Oct-2016,Partly Cloudy,24,46,1007,34,2,SE,0,635
16-Aug-2015,Haze,27,64,1002,33,2,NNE,0,638
28-Oct-2015,Haze,12,35,1015,24,2,NW,0,652
17-Dec-2015,Haze,9,35,1015,21,2,East,0,652
20-Jul-2015,Haze,25,62,999,32,2,NNW,0,654
18-Aug-2016,Haze,25,58,999,32,2,NNE,0,654
14-Feb-2016,Haze,11,35,1015,24,2,WNW,0,655
03-Feb-2017,Haze,12,35,1016,25,2,West,0,656
07-Mar-2015,Haze,14,36,1012,26,4,SE,0,658
08-Oct-2015,Haze,25,48,1006,35,2,NW,0,658
13-Jul-2015,Haze,25,56,1000,33,4,WSW,0,662
27-Aug-2016,Haze,26,52,1004,35,4,NE,0,663
22-Aug-2015,Haze,24,53,1000,33,2,NW,0,664
30-Aug-2016,Haze,26,59,1000,33,2,West,0,664
31-Mar-2015,Haze,19,39,1009,30,4,North,0,667
02-Dec-2015,Smoke,12,35,1014,25,1,NNW,0,667
23-Jul-2016,Haze,26,56,1001,34,2,East,0,671
02-Sep-2016,Haze,25,54,1000,33,2,WNW,0,674
16-Apr-2015,Haze,16,36,1015,29,2,NW,0,676
19-Feb-2016,Haze,16,36,1014,29,2,NNW,0,683
19-Jul-2015,Haze,24,60,997,31,2,NW,0,684
03-Jan-2016,Smoke,10,34,1016,22,1,WNW,0,693
24-Sep-2016,Haze,25,50,1002,34,2,East,0,697
26-Aug-2016,Haze,26,51,1003,35,2,SW,0,701
02-Nov-2015,Haze,19,37,1014,31,2,ENE,0,703
12-Feb-2017,Haze,12,34,1018,25,2,NNE,0,703
02-Jul-2016,Mist,25,70,999,30,2,NNW,0,706
30-May-2016,Haze,22,44,1003,32,2,NNW,0,707
28-Jul-2015,Haze,24,53,999,33,4,SSE,0,709
28-Jan-2016,Haze,10,34,1014,23,2,WSW,0,711
23-Sep-2016,Haze,24,47,1003,34,2,East,0,712
04-Oct-2016,Haze,24,47,1003,34,2,NE,0,712
29-Jan-2016,Smoke,13,35,1026,25,1,North,0,714
24-Aug-2015,Haze,25,51,1002,35,4,NW,0,715
25-Aug-2016,Haze,26,52,1002,35,2,ESE,0,715
01-Nov-2015,Haze,18,36,1014,30,2,NNE,0,718
13-Jan-2017,Haze,7,34,1016,19,2,WNW,0,718
18-Sep-2015,Haze,26,49,1004,35,4,ENE,0,720
17-Aug-2015,Haze,27,58,1000,34,2,ENE,0,721
17-Oct-2015,Haze,23,41,1010,34,2,NW,0,722
19-Aug-2015,Haze,25,49,1003,35,4,West,0,724
07-Sep-2016,Haze,25,49,1002,34,4,NW,0,726
29-Oct-2016,Smoke,20,38,1011,32,1,NE,0,726
23-Aug-2015,Haze,25,52,1000,34,2,NW,0,729
18-Aug-2015,Haze,25,50,1001,34,2,West,0,730
13-Aug-2016,Haze,26,57,999,34,2,West,0,736
29-Jun-2015,Haze,25,48,1003,35,2,East,0,739
05-Sep-2016,Haze,24,47,1002,34,2,WNW,0,743
11-Jul-2016,Haze,26,64,997,31,2,East,0,748
22-Aug-2016,Haze,26,50,1002,35,2,ESE,0,751
04-Sep-2016,Haze,24,47,1002,34,4,West,0,751
14-Apr-2015,Haze,19,37,1012,32,4,East,0,754
28-Jun-2016,Haze,27,57,1000,35,2,East,0,755
24-Jan-2017,Smoke,12,33,1018,25,2,NNE,0,756
26-Jul-2015,Blowing Sand,25,54,998,33,4,East,0,758
07-Feb-2017,Haze,9,33,1015,21,4,NW,0,764
13-Apr-2015,Haze,20,37,1012,32,4,SE,0,767
15-Oct-2015,Haze,22,39,1011,34,2,West,0,768
03-Jul-2016,Haze,26,66,997,31,2,NE,0,768
29-Sep-2016,Haze,24,45,1003,34,2,East,0,768
19-Mar-2015,Haze,15,34,1014,28,4,WNW,0,769
15-Jul-2016,Haze,26,64,997,32,2,West,0,771
25-Dec-2016,Patches of Fog,14,87,1014,15,0.5,WNW,0,771.25
23-Jul-2015,Haze,27,52,1001,35,2,East,0,775
24-Jul-2015,Haze,26,52,1000,35,2,ESE,0,783
11-Aug-2016,Light Drizzle,27,72,1000,31,1,SE,1,785
06-Sep-2016,Haze,23,43,1004,34,4,West,0,790
01-Aug-2016,Haze,27,65,998,33,2,East,0,791
06-Jul-2015,Mist,25,73,998,29,2,SE,0,795
06-Oct-2015,Haze,23,41,1008,35,4,NW,0,795
27-Jul-2015,Haze,26,52,999,34,4,SE,0,799
20-Aug-2015,Haze,24,46,1001,34,2,WSW,0,803
01-Jan-2016,Haze,10,32,1019,23,2,NNW,0,804
25-Oct-2016,Haze,21,39,1007,33,4,NW,0,804
27-Dec-2015,Haze,9,32,1019,22,2,WNW,0,806
11-Feb-2015,Haze,10,32,1016,23,2,NNW,0,807
18-Mar-2016,Haze,19,37,1008,32,2,ESE,0,810
15-Mar-2015,Drizzle,17,88,1015,19,2,SSE,1,811
05-Mar-2016,Haze,16,34,1011,29,2,NNE,0,816
01-Feb-2016,Haze,9,32,1016,22,4,WNW,0,817
21-Jun-2015,Haze,25,51,998,34,2,NE,0,822
08-Jul-2015,Haze,28,60,998,34,2,SSE,0,822
04-Jul-2016,Haze,26,60,996,33,2,NNE,0,823
18-Jul-2016,Light Rain,27,72,999,31,2,NW,1,823
19-Jul-2016,Haze,27,54,999,35,4,West,0,827
15-Aug-2016,Haze,25,51,998,34,4,NW,0,830
07-Jul-2015,Haze,27,61,997,34,2,East,0,835
13-Jul-2016,Haze,27,61,997,34,2,NE,0,835
12-Sep-2016,Haze,22,42,1003,34,4,WNW,0,835
04-Nov-2015,Haze,18,35,1010,31,2,SSE,0,836
28-Feb-2016,Haze,16,33,1017,30,2,East,0,840
03-Oct-2016,Haze,24,42,1005,35,2,NW,0,840
08-Mar-2017,Haze,13,34,1007,26,4,NE,0,842
25-Dec-2015,Haze,6,32,1021,19,2,West,0,844
23-Mar-2015,Haze,19,36,1009,32,4,West,0,846
27-Oct-2015,Haze,17,34,1012,31,2,NW,0,850
05-Dec-2015,Haze,13,32,1014,27,2,NW,0,850
17-Jul-2016,Light Drizzle,26,76,1000,30,2,West,1,850
21-Jul-2015,Haze,25,49,999,35,2,SW,0,852
02-Nov-2016,Smoke,16,33,1014,30,0.5,North,0,854.25
07-Aug-2016,Haze,27,52,999,35,4,ESE,0,855
31-Jul-2016,Mist,26,75,999,30,2,ENE,0,856
14-Jul-2015,Haze,27,54,998,35,2,WSW,0,858
17-Jul-2015,Haze,27,63,996,33,2,SE,0,859
09-Aug-2016,Light Rain,26,57,996,34,2,ESE,1,859
29-Aug-2016,Light Thunderstorm,28,75,1001,31,2,NNW,0,861
30-Sep-2016,Haze,24,43,1003,35,2,East,0,861
05-Nov-2016,Smoke,15,34,1008,29,0.2,WNW,0,861.64
24-Aug-2016,Thunderstorms and Rain,27,76,1001,31,1,East,1,862
21-Aug-2016,Haze,26,50,999,35,4,East,0,864
14-Feb-2017,Haze,11,31,1020,24,2,WNW,0,866
15-Feb-2016,Haze,9,31,1018,23,2,NNW,0,867
17-Feb-2016,Haze,10,31,1018,24,2,North,0,867
15-Feb-2015,Smoke,13,32,1011,26,1,West,0,869
08-Feb-2015,Smoke,10,31,1016,24,2,NW,0,871
08-Sep-2016,Partly Cloudy,24,42,1004,35,4,WNW,0,875
13-Feb-2017,Haze,11,31,1020,25,2,West,0,875
27-Aug-2015,Haze,28,52,1001,37,4,WNW,0,876
22-Jul-2015,Haze,27,50,1000,36,2,ESE,0,877
09-Jan-2016,Haze,9,31,1014,22,2,WNW,0,878
19-Dec-2015,Haze,7,31,1017,21,2,West,0,880
13-Sep-2016,Haze,24,41,1005,35,4,NW,0,885
12-Nov-2015,Haze,15,32,1014,29,2,NW,0,886
28-Dec-2016,Haze,11,31,1014,25,2,West,0,887
20-Aug-2016,Haze,27,54,998,36,2,NE,0,889
09-Mar-2017,Haze,15,34,1006,28,2,East,0,889
09-Oct-2015,Blowing Sand,24,44,1002,36,2,WNW,0,890
03-Jun-2015,Haze,18,36,1005,31,2,NW,0,892
21-Feb-2016,Haze,12,31,1014,25,4,West,0,892
02-Aug-2016,Haze,26,54,996,34,4,East,0,894
14-Aug-2016,Mist,26,75,998,30,2,NW,0,895
19-Oct-2015,Haze,22,37,1010,35,2,West,0,900
10-Aug-2016,Haze,26,52,997,35,2,East,0,900
22-Sep-2015,Scattered Clouds,23,43,1001,35,2,South,0,904
04-Dec-2015,Haze,12,31,1013,26,2,NW,0,904
25-Jun-2015,Mist,24,72,994,28,2,NNE,0,906
20-Nov-2015,Smoke,13,31,1014,27,1,NNE,0,906
19-Mar-2016,Haze,19,35,1008,32,2,NE,0,906
28-Aug-2016,Haze,26,44,1004,37,2,ESE,0,911
10-Sep-2016,Haze,22,40,1004,35,4,West,0,911
30-Jun-2015,Haze,25,44,1002,36,2,East,0,913
22-Feb-2016,Blowing Sand,13,31,1013,27,2,West,0,916
17-Sep-2015,Haze,23,40,1004,35,2,NE,0,922
11-Sep-2016,Haze,23,41,1002,34,4,WNW,0,922
29-May-2016,Haze,24,43,1001,35,2,SE,0,925
15-Apr-2015,Haze,20,35,1011,34,4,SSE,0,928
29-Mar-2015,Light Drizzle,14,32,1009,28,2,WNW,1,931
09-Feb-2017,Smoke,8,30,1016,22,1,West,0,933
19-Jan-2015,Smoke,7,30,1017,20,2,West,0,938
06-Jul-2016,Haze,28,58,996,35,2,East,0,939
08-Aug-2016,Haze,25,47,998,35,2,ESE,0,939
31-Aug-2016,Mist,26,80,1001,29,2,NE,0,940
05-Oct-2015,Haze,23,38,1008,36,2,NW,0,941
17-Sep-2016,Haze,23,41,1002,35,2,NE,0,943
15-Dec-2015,Haze,8,30,1015,22,4,NW,0,947
12-Mar-2017,Haze,9,30,1014,23,4,West,0,950
10-Mar-2016,Haze,16,32,1012,31,2,West,0,951
27-Sep-2016,Haze,22,39,1004,35,4,NNW,0,952
24-Dec-2015,Haze,6,30,1020,19,2,WNW,0,955
22-Mar-2015,Haze,18,33,1011,32,4,WNW,0,956
26-Apr-2015,Haze,21,36,1007,34,2,East,0,958
25-Aug-2015,Haze,25,44,1000,35,4,WNW,0,958
20-Jul-2016,Haze,28,51,999,37,4,West,0,965
01-Oct-2016,Haze,23,39,1005,36,2,NE,0,967
04-Mar-2015,Haze,9,30,1012,23,4,NW,0,970
25-Sep-2016,Haze,21,38,1003,34,2,NNE,0,970
03-Sep-2016,Haze,22,42,999,34,4,West,0,971
04-Aug-2016,Haze,26,50,997,36,4,East,0,975
18-Nov-2016,Haze,13,30,1013,27,2,WNW,0,975
27-Oct-2016,Smoke,18,32,1013,32,2,WNW,0,979
17-Mar-2017,Haze,13,31,1009,27,4,WNW,0,980
07-Jan-2017,Mist,14,90,1010,16,1,East,0,981
16-Aug-2016,Haze,26,50,996,35,4,West,0,987
09-Sep-2016,Haze,23,38,1005,35,4,WNW,0,987
03-Aug-2016,Haze,25,47,997,35,4,SE,0,988
28-Jan-2015,Haze,4,30,1016,18,2,NW,0,990
28-Dec-2015,Haze,10,29,1020,24,2,WNW,0,991
19-Mar-2017,Haze,15,31,1010,29,2,North,0,991
21-Sep-2015,Haze,24,42,1000,35,2,West,0,995
19-Dec-2016,Smoke,8,29,1016,23,1,WNW,0,999
14-Jul-2016,Haze,26,49,996,35,2,SE,0,1000
22-Feb-2015,Blowing Sand,13,30,1012,28,2,WNW,0,1001
11-Jan-2016,Haze,10,29,1015,25,2,WSW,0,1005
06-Dec-2016,Smoke,11,29,1016,26,1,WNW,0,1005
10-Feb-2017,Haze,8,29,1014,22,2,WNW,0,1007
22-Jun-2015,Light Thunderstorm,20,42,996,32,4,SW,0,1010
28-Aug-2015,Haze,25,41,1002,36,2,East,0,1018
05-Mar-2015,Haze,12,29,1014,26,4,SW,0,1023
26-Aug-2015,Haze,24,42,1000,36,2,NW,0,1026
24-Nov-2015,Smoke,12,29,1014,27,2,West,0,1028
13-Dec-2015,Haze,6,29,1015,20,4,NW,0,1028
06-Mar-2015,Haze,12,29,1015,27,4,NW,0,1029
27-Apr-2015,Blowing Sand,23,37,1006,36,2,ESE,0,1030
20-Nov-2016,Smoke,14,30,1011,29,2,East,0,1032
10-Jul-2016,Haze,27,54,994,35,2,NNW,0,1034
05-Aug-2016,Haze,25,45,998,36,4,ESE,0,1034
26-Oct-2016,Haze,18,32,1010,33,2,NW,0,1043
14-Nov-2015,Smoke,15,30,1010,29,2,SW,0,1050
21-Nov-2015,Smoke,13,29,1013,28,1,SW,0,1050
10-Feb-2016,Haze,11,29,1011,26,2,South,0,1051
21-Mar-2015,Haze,16,30,1014,31,4,West,0,1055
16-Feb-2016,Haze,9,28,1019,24,2,NNW,0,1058
21-Sep-2016,Haze,25,40,1003,37,2,SE,0,1059
26-Oct-2015,Haze,18,31,1013,33,2,ENE,0,1061
09-Oct-2016,Haze,22,37,1003,35,2,East,0,1061
28-Oct-2016,Smoke,17,31,1010,32,1,WNW,0,1065
07-Jul-2016,Haze,27,48,997,37,2,South,0,1071
06-Apr-2015,Haze,17,32,1006,31,4,West,0,1074
28-Sep-2015,Haze,20,33,1008,34,2,NW,0,1075
19-Nov-2015,Smoke,12,28,1016,27,1,NNE,0,1078
24-Jun-2015,Smoke,25,48,994,35,1,NE,0,1089
07-Oct-2016,Haze,20,34,1005,34,2,NW,0,1091
12-Oct-2015,Haze,20,33,1009,35,4,West,0,1093
28-Mar-2016,Haze,16,30,1011,32,2,WNW,0,1103
06-Jun-2016,Haze,25,39,1004,38,2,NE,0,1106
12-Feb-2016,Haze,11,28,1011,26,2,East,0,1114
21-Jun-2016,Haze,26,44,998,37,2,SE,0,1115
10-Oct-2015,Haze,23,37,1003,36,4,SW,0,1119
16-Sep-2015,Haze,24,38,1003,37,2,NE,0,1120
24-Apr-2015,Haze,26,41,1003,39,4,NNW,0,1125
22-Jun-2016,Haze,25,41,1000,37,4,East,0,1127
05-Jul-2016,Haze,27,50,994,36,2,WSW,0,1129
18-Dec-2016,Smoke,7,27,1017,22,1,WNW,0,1130
31-Aug-2015,Haze,22,37,1002,36,4,WNW,0,1131
07-Feb-2015,Haze,10,27,1015,25,2,East,0,1133
18-Jul-2015,Mist,27,81,998,30,2,SW,0,1138
25-Jul-2015,Haze,25,43,997,36,4,East,0,1139
26-Dec-2015,Haze,6,27,1018,21,2,WNW,0,1140
16-Mar-2016,Haze,13,28,1012,29,2,WNW,0,1142
20-Mar-2015,Haze,14,28,1014,30,4,NW,0,1150
30-Aug-2015,Haze,24,38,1001,36,2,WNW,0,1151
05-May-2016,Widespread Dust,20,32,1007,34,2,East,0,1151
14-Dec-2015,Haze,6,27,1016,21,4,WNW,0,1152
14-Feb-2015,Haze,13,29,1007,28,4,NW,0,1155
16-May-2015,Haze,22,35,1003,35,2,East,0,1157
23-Oct-2016,Smoke,18,31,1007,33,2,WNW,0,1157
09-Jul-2016,Haze,27,48,995,37,2,NE,0,1159
28-Apr-2015,Widespread Dust,23,36,1004,37,2,East,0,1162
11-Mar-2016,Haze,17,29,1011,32,2,NW,0,1171
01-Mar-2015,Light Rain,17,93,1010,18,2,ESE,1,1174
15-Jun-2016,Haze,26,45,995,36,2,NE,0,1180
21-Jul-2016,Haze,26,42,998,37,2,SW,0,1183
29-Aug-2015,Haze,24,38,1000,36,2,NW,0,1186
22-Oct-2016,Haze,19,31,1009,35,4,West,0,1192
13-Nov-2015,Smoke,13,27,1013,29,1,West,0,1195
07-Jun-2016,Blowing Sand,24,37,1002,37,2,ENE,0,1196
01-Mar-2016,Haze,14,27,1014,30,2,NW,0,1207
14-Jun-2016,Haze,23,39,997,35,2,West,0,1208
09-Mar-2015,Haze,8,26,1020,24,4,NNW,0,1210
27-Mar-2016,Haze,16,28,1011,31,4,NW,0,1212
08-Feb-2017,Haze,8,26,1014,24,2,West,0,1214
02-Jul-2015,Haze,24,38,1000,37,2,ESE,0,1219
16-Nov-2016,Haze,11,26,1015,27,2,WNW,0,1219
23-Nov-2016,Haze,13,27,1011,29,2,West,0,1220
12-Mar-2015,Haze,12,26,1016,28,2,NW,0,1226
10-Oct-2016,Haze,18,31,1004,33,2,NNW,0,1232
16-Jul-2015,Haze,25,44,994,36,2,WSW,0,1233
25-Mar-2016,Haze,20,30,1012,36,2,East,0,1242
15-May-2015,Haze,17,29,1007,32,2,NNE,0,1243
29-Sep-2015,Haze,17,29,1010,34,4,NW,0,1246
11-Nov-2015,Haze,12,26,1013,28,4,North,0,1255
08-Oct-2016,Smoke,20,32,1004,35,4,WNW,0,1263
27-Feb-2016,Haze,13,26,1017,30,4,South,0,1266
31-Dec-2015,Smoke,9,25,1019,25,2,WNW,0,1268
31-May-2016,Haze,23,35,1002,37,2,WNW,0,1271
12-Nov-2016,Smoke,13,26,1014,30,1,ESE,0,1272
25-Feb-2016,Haze,13,26,1014,30,2,South,0,1273
07-Nov-2016,Smoke,13,26,1012,29,1,WNW,0,1273
09-Feb-2015,Haze,9,25,1018,25,4,NW,0,1275
28-Sep-2016,Haze,21,33,1003,36,2,NNW,0,1275
26-Jun-2016,Partly Cloudy,27,41,999,39,2,East,0,1280
08-Apr-2015,Haze,15,27,1012,32,4,West,0,1282
14-Oct-2016,Haze,19,30,1007,35,4,West,0,1291
23-Oct-2015,Haze,16,27,1011,32,2,WNW,0,1292
04-Jul-2015,Blowing Sand,26,41,997,38,2,NW,0,1296
27-Jun-2016,Haze,26,41,997,38,2,East,0,1296
29-Jun-2016,Haze,26,39,1000,39,2,ENE,0,1296
22-Jul-2016,Haze,24,38,998,37,4,South,0,1303
14-May-2015,Haze,20,30,1006,35,2,North,0,1319
11-Sep-2015,Haze,20,31,1005,36,4,WNW,0,1324
24-Oct-2016,Blowing Sand,18,29,1006,34,2,WNW,0,1327
02-Mar-2016,Haze,15,26,1013,32,2,SW,0,1330
03-Sep-2015,Haze,21,31,1005,36,2,West,0,1331
18-Feb-2017,Haze,13,25,1015,30,2,WNW,0,1335
02-Sep-2015,Haze,21,33,1001,36,2,WNW,0,1339
08-Sep-2015,Blowing Sand,21,31,1005,36,4,NW,0,1339
09-Aug-2015,Mist,26,88,1000,28,2,NNW,0,1342
16-Feb-2017,Haze,10,24,1016,26,2,West,0,1346
25-Mar-2015,Haze,19,28,1010,35,2,WSW,0,1350
11-Feb-2017,Haze,7,24,1015,23,2,NW,0,1351
24-Sep-2015,Blowing Sand,18,29,1004,33,2,West,0,1352
05-Dec-2016,Haze,9,24,1015,26,2,West,0,1358
10-Nov-2016,Smoke,13,25,1012,30,1,NNE,0,1361
11-Nov-2016,Smoke,13,25,1012,30,1,ENE,0,1361
21-Oct-2016,Haze,18,29,1006,35,4,NW,0,1364
26-Mar-2015,Haze,19,28,1011,36,2,West,0,1366
15-Jul-2015,Blowing Sand,25,41,994,37,2,West,0,1371
01-May-2015,Haze,21,31,1005,37,4,East,0,1372
17-Nov-2016,Haze,11,24,1015,28,2,West,0,1374
25-Jun-2016,Haze,26,38,999,39,2,East,0,1376
09-Apr-2015,Blowing Sand,15,26,1010,32,4,NW,0,1377
02-Apr-2015,Haze,18,29,1004,34,2,SE,0,1379
05-Jul-2015,Widespread Dust,26,41,995,38,2,WSW,0,1384
12-May-2015,Haze,23,33,1004,39,2,NNE,0,1387
25-Nov-2015,Haze,11,24,1013,28,2,NNW,0,1390
26-Sep-2015,Haze,19,29,1005,35,2,West,0,1392
29-Jan-2015,Haze,3,24,1019,18,2,West,0,1402
22-Nov-2015,Smoke,12,24,1013,29,1,East,0,1403
13-Nov-2016,Smoke,12,24,1015,30,1,South,0,1406
04-Oct-2015,Haze,20,29,1008,37,4,WNW,0,1408
06-Sep-2015,Haze,20,29,1006,36,2,West,0,1411
01-Nov-2016,Smoke,13,24,1014,30,1,NNE,0,1412
19-Sep-2016,Haze,21,31,1002,36,4,SW,0,1426
16-Nov-2015,Smoke,12,24,1011,29,2,NNW,0,1428
09-Mar-2016,Haze,12,24,1011,29,2,WNW,0,1428
19-Nov-2016,Haze,11,24,1010,28,2,WNW,0,1429
15-Dec-2016,Smoke,7,23,1015,24,1,West,0,1430
19-Jun-2016,Haze,26,37,1000,40,4,ENE,0,1431
19-Feb-2017,Haze,13,24,1012,30,2,WNW,0,1433
18-Nov-2015,Smoke,9,23,1014,26,2,West,0,1438
13-Dec-2016,Haze,9,23,1014,26,2,NW,0,1438
24-May-2016,Haze,20,31,1000,35,2,SSE,0,1440
20-Sep-2016,Haze,22,32,1001,37,2,WSW,0,1444
30-Apr-2015,Blowing Sand,24,33,1003,39,4,East,0,1445
03-Oct-2015,Haze,19,28,1007,36,4,West,0,1446
22-Oct-2015,Haze,15,25,1011,33,2,NW,0,1448
29-Mar-2016,Haze,14,25,1009,32,2,NW,0,1452
02-Feb-2016,Haze,4,23,1017,21,2,WNW,0,1453
18-Mar-2017,Haze,12,24,1009,29,2,West,0,1460
06-Nov-2016,Smoke,12,24,1010,30,0.2,West,0,1461.64
26-Jun-2015,Blowing Sand,23,37,994,36,2,NW,0,1462
17-Mar-2016,Haze,15,25,1009,32,4,SE,0,1463
23-Jun-2016,Haze,23,34,998,37,2,SW,0,1466
15-Mar-2016,Haze,12,23,1014,29,2,NW,0,1468
16-Sep-2016,Haze,20,30,1002,36,4,NW,0,1470
29-Apr-2015,Haze,20,29,1004,36,4,ENE,0,1471
20-Oct-2016,Haze,17,27,1005,34,2,NW,0,1471
26-Feb-2017,Haze,10,23,1011,27,2,West,0,1477
04-Jun-2015,Haze,21,30,1003,37,2,SW,0,1479
28-Jun-2015,Haze,24,34,999,38,2,NE,0,1483
22-Feb-2017,Haze,9,23,1011,27,2,WSW,0,1484
01-Sep-2015,Haze,21,31,1000,36,2,WNW,0,1486
17-Jun-2016,Haze,25,36,998,39,4,NE,0,1490
08-Nov-2016,Smoke,11,23,1012,29,1,WNW,0,1490
18-Jun-2016,Haze,25,35,999,39,2,East,0,1492
17-Nov-2015,Haze,11,23,1011,28,4,WNW,0,1495
17-Apr-2015,Haze,17,26,1007,34,4,SW,0,1498
16-Dec-2016,Haze,7,22,1017,24,2,WNW,0,1498
27-Jun-2015,Haze,23,35,996,37,2,NW,0,1499
03-Mar-2016,Haze,16,24,1013,33,2,NW,0,1500
16-Oct-2016,Haze,16,25,1010,34,4,NW,0,1503
05-Sep-2015,Haze,19,27,1007,36,4,WNW,0,1511
12-Sep-2015,Haze,21,29,1004,37,2,WNW,0,1511
10-Feb-2015,Haze,6,22,1019,23,4,West,0,1512
18-Oct-2016,Haze,16,25,1008,33,4,NW,0,1512
01-Feb-2015,Haze,6,22,1016,24,2,SSE,0,1514
24-Feb-2017,Blowing Sand,7,22,1015,25,2,NW,0,1515
13-Sep-2015,Haze,21,29,1005,38,2,WNW,0,1519
24-Feb-2016,Haze,12,23,1011,30,2,East,0,1520
01-Mar-2017,Haze,12,23,1011,30,2,ESE,0,1520
27-Mar-2015,Haze,17,25,1011,35,4,West,0,1524
26-Jul-2016,Light Rain,28,91,1002,29,2,NNE,1,1524
06-May-2016,Haze,18,26,1007,35,2,SE,0,1528
20-Mar-2017,Blowing Sand,12,23,1011,30,4,NW,0,1528
16-Mar-2017,Haze,12,23,1010,30,2,West,0,1535
20-Feb-2017,Haze,14,25,1004,31,2,West,0,1544
25-Apr-2015,Haze,20,28,1004,37,2,NE,0,1559
16-Jun-2016,Haze,21,31,998,36,4,SE,0,1570
12-Aug-2016,Thunderstorms and Rain,27,92,1001,28,1,West,1,1573
26-Nov-2015,Haze,11,22,1011,29,2,SE,0,1579
21-Nov-2016,Haze,12,22,1012,30,2,West,0,1582
16-Jul-2016,Mist,27,91,999,28,2,NNW,0,1583
03-Dec-2016,Smoke,8,21,1018,26,2,WNW,0,1583
06-Feb-2015,Haze,6,21,1018,24,2,NW,0,1587
11-May-2016,Haze,21,28,1005,38,4,ESE,0,1590
14-Dec-2016,Haze,6,21,1016,24,2,WNW,0,1591
04-Dec-2016,Haze,7,21,1018,26,1,West,0,1593
04-Feb-2016,Haze,5,21,1016,23,2,NW,0,1599
17-Oct-2016,Haze,16,24,1008,34,2,NNW,0,1602
22-Nov-2016,Haze,12,22,1011,30,4,West,0,1603
12-Jul-2015,Mist,25,92,998,26,2,West,0,1605
13-Mar-2017,Haze,6,21,1014,24,4,West,0,1611
13-Oct-2016,Haze,17,25,1006,35,4,WNW,0,1619
19-Oct-2016,Haze,17,25,1006,35,4,North,0,1619
27-Feb-2017,Haze,10,21,1014,28,4,NW,0,1619
24-Mar-2015,Haze,16,24,1009,35,4,NW,0,1620
09-Sep-2015,Haze,19,26,1005,36,4,WNW,0,1626
26-Jan-2017,Thunderstorms and Rain,16,100,1017,16,0.5,NW,1,1626.25
02-Jan-2015,Light Rain,15,100,1017,15,1,NE,1,1630
12-Oct-2016,Haze,16,25,1004,34,4,WNW,0,1635
11-Oct-2015,Haze,18,25,1007,36,4,NW,0,1636
22-Mar-2016,Blowing Sand,11,22,1008,30,2,West,0,1649
30-Jan-2015,Haze,2,21,1020,19,4,WNW,0,1656
01-Oct-2015,Haze,16,23,1011,35,4,WNW,0,1661
25-Sep-2015,Haze,16,25,1003,34,4,WNW,0,1664
26-May-2016,Widespread Dust,23,31,998,38,2,WNW,0,1666
12-Jul-2016,Light Rain,28,91,998,29,2,NW,1,1668
11-Oct-2016,Haze,16,24,1005,34,2,NNW,0,1671
30-Sep-2015,Haze,16,23,1010,35,4,NW,0,1676
10-Apr-2015,Haze,15,23,1008,34,4,SW,0,1678
30-Jun-2016,Haze,26,35,996,40,2,South,0,1679
21-Mar-2017,Blowing Sand,14,22,1010,33,2,West,0,1679
14-Mar-2017,Haze,7,20,1015,26,2,West,0,1682
14-Sep-2015,Haze,20,27,1002,37,2,West,0,1684
08-Jun-2016,Haze,26,34,998,41,2,ENE,0,1687
01-Jun-2016,Haze,22,29,1001,39,4,West,0,1701
11-Apr-2016,Haze,16,23,1008,35,2,NW,0,1704
20-Jun-2015,Blowing Sand,22,30,998,38,2,ESE,0,1706
24-Nov-2016,Haze,9,20,1013,28,2,WNW,0,1706
04-Nov-2016,Smoke,12,21,1010,31,1,West,0,1707
09-Nov-2016,Smoke,10,20,1013,29,1,WNW,0,1715
03-Jul-2015,Haze,23,30,999,39,2,WNW,0,1723
02-Oct-2015,Haze,16,22,1010,35,4,North,0,1751
09-Jun-2016,Haze,25,33,996,40,2,ESE,0,1758
05-Jun-2016,Haze,25,31,1001,42,2,ENE,0,1759
16-Jun-2015,Haze,22,29,999,39,2,West,0,1765
24-Jun-2016,Haze,24,31,997,39,2,NW,0,1765
10-Sep-2015,Blowing Sand,19,24,1006,37,2,NW,0,1766
24-Oct-2015,Haze,14,21,1011,34,2,WSW,0,1768
01-Jun-2015,Blowing Sand,15,23,1003,34,2,West,0,1795
02-May-2015,Haze,19,24,1005,37,4,SW,0,1799
13-Feb-2015,Haze,6,19,1012,25,4,WNW,0,1800
27-Feb-2015,Haze,6,19,1012,26,4,NNE,0,1811
23-Mar-2016,Haze,12,20,1008,31,4,West,0,1831
11-Feb-2016,Haze,7,19,1009,26,2,West,0,1835
25-May-2016,Haze,22,30,995,38,2,NNW,0,1835
07-Sep-2015,Blowing Sand,18,23,1005,37,2,WNW,0,1853
20-May-2016,Haze,25,32,995,40,2,East,0,1858
04-Sep-2015,Blowing Sand,18,22,1008,37,4,West,0,1867
21-Mar-2016,Blowing Sand,11,19,1010,31,2,NW,0,1871
11-Jun-2016,Haze,20,27,998,38,4,NNW,0,1871
31-Jan-2015,Haze,2,18,1016,21,4,WNW,0,1899
20-Jun-2016,Thunderstorms and Rain,26,97,1000,26,2,East,1,1899
28-Feb-2015,Haze,8,18,1012,29,2,ESE,0,1907
17-Jun-2015,Haze,22,28,997,39,2,WNW,0,1908
10-Jul-2015,Light Rain,27,96,999,28,1,South,1,1917
22-Mar-2017,Blowing Sand,15,20,1009,35,4,West,0,1919
28-Mar-2015,Haze,15,20,1008,35,4,West,0,1938
28-Feb-2017,Haze,11,18,1013,32,2,NE,0,1938
05-Jun-2015,Haze,18,23,1003,38,2,NW,0,1944
21-May-2016,Haze,25,32,994,41,2,ENE,0,1946
13-Jun-2016,Haze,23,29,996,40,2,West,0,1946
22-Dec-2016,Haze,5,17,1014,24,2,WNW,0,1946
25-Oct-2015,Smoke,14,19,1010,34,4,SE,0,1951
12-Apr-2016,Blowing Sand,15,21,1004,35,4,WNW,0,1955
15-Mar-2017,Haze,7,17,1014,28,2,WNW,0,1966
12-Dec-2016,Haze,6,17,1013,27,2,WNW,0,1973
24-Mar-2017,Haze,14,19,1008,34,2,NNW,0,1979
11-Jul-2015,Rain,25,98,999,26,0.5,West,1,1985.25
23-Feb-2016,Haze,8,17,1011,29,4,WNW,0,2013
10-Jun-2016,Haze,25,30,996,42,2,SE,0,2013
08-May-2016,Haze,19,22,1004,39,2,NE,0,2038
07-Apr-2016,Haze,14,19,1006,35,2,WNW,0,2052
27-Mar-2017,Blowing Sand,16,19,1008,36,4,NW,0,2055
24-Mar-2016,Haze,14,18,1012,36,4,NNE,0,2066
07-May-2016,Haze,18,21,1004,38,2,South,0,2067
31-Mar-2016,Haze,10,19,1009,37,4,WNW,0,2069
05-Feb-2015,Haze,2,16,1018,22,4,NNW,0,2070
07-Mar-2017,Smoke,8,17,1007,29,2,NNW,0,2077
30-Jul-2016,Thunderstorms and Rain,26,100,1001,26,1,East,1,2094
04-Mar-2016,Haze,12,17,1011,34,2,NNE,0,2096
12-Jun-2016,Haze,20,24,998,39,2,West,0,2107
23-Mar-2017,Haze,16,19,1007,37,4,SW,0,2109
19-Jun-2015,Haze,24,28,996,42,2,East,0,2114
18-Apr-2016,Haze,14,21,1004,40,3,NE,0,2122
11-Apr-2015,Haze,14,18,1007,36,4,NW,0,2151
25-Mar-2017,Haze,12,17,1008,34,4,NW,0,2155
19-May-2015,Clear,20,22,1000,39,1,NW,0,2178
13-Jun-2015,Haze,20,24,996,39,2,SSW,0,2191
18-Apr-2015,Haze,16,20,1001,37,4,WNW,0,2196
11-Jun-2015,Blowing Sand,21,23,999,40,4,North,0,2203
03-May-2016,Haze,18,20,1003,39,2,NNE,0,2212
05-Mar-2017,Haze,5,15,1009,27,2,NW,0,2220
06-Mar-2017,Haze,6,15,1009,28,2,West,0,2220
10-Apr-2016,Haze,14,17,1007,36,2,NNE,0,2228
19-May-2016,Haze,22,25,997,42,2,East,0,2232
22-May-2016,Haze,25,28,994,42,4,East,0,2237
11-May-2015,Haze,18,20,1002,39,2,East,0,2243
12-May-2016,Haze,20,21,1001,40,2,NW,0,2260
04-Jun-2016,Haze,22,23,1000,42,4,NNE,0,2267
10-Jun-2015,Blowing Sand,21,23,998,41,2,West,0,2275
06-Apr-2016,Haze,13,17,1005,36,2,SSW,0,2275
20-Apr-2015,Widespread Dust,18,19,1005,40,2,East,0,2276
28-Nov-2016,Haze,6,14,1011,29,2,WSW,0,2296
06-Jun-2015,Haze,17,20,1000,39,2,WNW,0,2302
26-Feb-2015,Haze,4,14,1008,26,2,West,0,2334
01-Apr-2016,Haze,14,17,1004,37,2,WNW,0,2336
13-May-2016,Haze,15,20,1002,42,4,NE,0,2353
12-Jun-2015,Haze,19,21,998,40,4,NW,0,2366
16-Oct-2015,Haze,10,14,1012,35,2,WNW,0,2387
05-Apr-2016,Haze,12,15,1006,35,2,NW,0,2396
03-May-2015,Haze,14,16,1006,38,4,NNE,0,2414
31-Mar-2017,Haze,14,16,1006,38,4,West,0,2414
23-May-2016,Haze,20,22,996,41,2,SE,0,2419
25-Nov-2016,Haze,5,13,1010,29,2,WNW,0,2419
23-Feb-2017,Blowing Sand,1,12,1014,25,4,NW,0,2498
26-Mar-2017,Blowing Sand,10,13,1010,35,2,NW,0,2508
04-May-2016,Widespread Dust,15,16,1002,38,2,SW,0,2521
31-May-2015,Widespread Dust,16,17,1000,39,2,NW,0,2544
04-Apr-2016,Haze,13,15,1004,38,2,SW,0,2546
02-Jun-2015,Haze,15,16,1002,39,2,South,0,2558
03-Jun-2016,Haze,19,18,1001,42,2,NNE,0,2574
19-Apr-2015,Haze,16,16,1003,40,4,WNW,0,2579
18-May-2015,Haze,20,19,999,42,4,ENE,0,2584
29-Mar-2017,Blowing Sand,13,14,1006,38,4,NW,0,2593
17-May-2015,Haze,17,17,1000,40,4,SW,0,2598
27-Nov-2016,Haze,4,11,1012,29,4,NW,0,2608
30-Mar-2016,Haze,9,12,1010,35,2,West,0,2610
28-Mar-2017,Blowing Sand,11,13,1008,37,4,WNW,0,2611
19-Apr-2016,Widespread Dust,14,15,1004,40,2,SW,0,2623
08-Apr-2016,Haze,9,12,1008,34,4,NNW,0,2625
02-Apr-2016,Haze,14,14,1005,39,4,WNW,0,2656
04-Mar-2017,Haze,2,11,1008,26,4,NNW,0,2667
09-Apr-2016,Haze,10,12,1008,36,2,West,0,2670
04-May-2015,Haze,14,14,1006,39,10,NW,0,2703
29-May-2015,Widespread Dust,17,16,1000,41,2,East,0,2718
28-May-2015,Widespread Dust,17,16,999,41,2,NNE,0,2755
03-Mar-2017,Smoke,1,10,1010,27,4,NW,0,2766
17-Apr-2016,Widespread Dust,14,14,1001,39,2,SW,0,2768
02-Jun-2016,Haze,18,16,1000,42,2,West,0,2770
15-May-2016,Widespread Dust,17,15,1002,42,2,NNW,0,2782
27-May-2016,Blowing Sand,16,16,998,41,1,West,0,2786
21-Apr-2015,Haze,11,12,1005,38,2,WNW,0,2802
30-May-2015,Widespread Dust,17,15,1001,42,2,WNW,0,2815
20-May-2015,Haze,15,14,1001,40,4,West,0,2818
14-May-2016,Haze,16,14,1002,41,2,NW,0,2823
20-Apr-2016,Haze,12,12,1005,39,2,NW,0,2836
09-Jun-2015,Blowing Sand,18,16,998,42,2,West,0,2846
21-Apr-2016,Blowing Sand,12,12,1002,38,2,WNW,0,2886
23-Apr-2015,Haze,12,12,1003,39,4,WNW,0,2900
07-Jun-2015,Haze,17,15,998,42,4,NW,0,2934
26-Apr-2016,Widespread Dust,12,11,1005,40,2,NW,0,2972
30-Apr-2016,Haze,11,11,1003,39,2,NW,0,2992
08-Jun-2015,Haze,16,14,998,42,4,WNW,0,3018
09-May-2015,Widespread Dust,15,13,1000,42,4,SW,0,3030
15-Apr-2016,Widespread Dust,10,10,1003,39,2,WNW,0,3096
22-Apr-2016,Widespread Dust,12,11,1000,39,4,WNW,0,3096
13-Apr-2016,Blowing Sand,9,10,1001,38,4,NW,0,3138
08-May-2015,Blowing Sand,14,11,1002,42,2,West,0,3143
16-Apr-2016,Haze,13,11,1001,42,2,West,0,3175
29-Apr-2016,Widespread Dust,9,9,1004,40,2,West,0,3214
27-Apr-2016,Haze,10,9,1003,40,2,WSW,0,3236
05-May-2015,Widespread Dust,10,9,1003,40,4,West,0,3244
10-May-2015,Widespread Dust,13,10,1000,42,2,West,0,3309
14-Apr-2016,Blowing Sand,8,8,1003,39,2,WNW,0,3316
22-Apr-2015,Blowing Sand,7,8,1002,38,4,WNW,0,3329
24-Apr-2016,Widespread Dust,6,8,1001,37,2,NNW,0,3332
24-May-2015,Haze,16,12,996,43,4,SW,0,3335
25-May-2015,Haze,17,13,996,45,4,WSW,0,3343
17-May-2016,Haze,14,11,997,43,4,NW,0,3381
26-May-2015,Blowing Sand,15,11,998,44,2,SSW,0,3382
21-May-2015,Blowing Sand,11,9,1000,42,4,NW,0,3422
25-Apr-2016,Haze,5,7,1004,39,2,NW,0,3431
07-May-2015,Blowing Sand,9,8,1002,42,2,West,0,3461
28-Apr-2016,Blowing Sand,7,7,1003,40,2,WNW,0,3471
22-May-2015,Haze,12,10,997,43,4,WNW,0,3480
16-May-2016,Widespread Dust,12,9,999,43,4,WNW,0,3501
23-May-2015,Haze,14,11,995,44,4,West,0,3516
18-May-2016,Haze,12,10,996,43,4,NW,0,3523
01-May-2016,Haze,9,8,1000,42,2,WNW,0,3529
02-May-2016,Haze,10,8,1000,43,2,SSW,0,3567
23-Apr-2016,Widespread Dust,3,6,1000,36,4,NW,0,3605
27-May-2015,Haze,6,6,1001,41,4,West,0,3704
06-May-2015,Widespread Dust,7,6,1001,42,4,WNW,0,3734
10-May-2016,Widespread Dust,20,25,1005,38,55,SE,0,4683
09-Jan-2019,Cloudy,13,60,1018,20,1,SE,,0